MetricID,GameID,Steam_AppID,Steam_Rating_Pct,Steam_Total_Reviews,RAWG_Rating,Added_Count,Ratings_Count,Fetched_At
1,9,1182900,90.77,20956,4.28,2679,502,2026-09-24 16:26:37
2,4,3274290,100.0,3,4.33,1712,457,2026-09-24 16:26:40
3,10,2358720,96.38,881503,4.29,1160,193,2026-09-24 16:26:44
4,6,3405690,50.97,100075,3.43,67,23,2026-09-24 16:26:47
5,5,2322010,89.5,32533,4.43,125,36,2026-09-24 16:26:51
6,2,2420110,87.76,20441,4.18,2783,486,2026-09-24 16:26:55
7,1,2561580,84.18,6873,4.27,12859,3785,2026-09-24 16:26:57
8,7,2109308,80.23,177,4.43,607,179,2026-09-24 16:27:01
9,8,5006530,,0,4.64,22363,7277,2026-09-24 16:27:03
10,9,1182900,90.75,21033,4.28,2679,502,2026-09-28 12:31:58
11,4,3274290,100.0,3,4.33,1713,457,2026-09-28 12:32:03
12,10,2358720,96.38,881723,4.29,1161,193,2026-09-28 12:32:10
13,20,3606480,37.45,4360,1.73,71,22,2026-09-28 12:32:15
14,15,1222140,96.38,227055,4.34,10531,3355,2026-09-28 12:32:19
15,6,3405690,51.02,100530,3.43,67,23,2026-09-28 12:32:23
16,18,1462040,87.03,44034,4.37,5279,834,2026-09-28 12:32:27
17,12,2215390,86.49,10929,0.0,13,3,2026-09-28 12:32:32
18,5,2322010,89.51,32578,4.43,126,36,2026-09-28 12:32:36
19,14,367520,96.98,503786,4.4,11958,2777,2026-09-28 12:32:44
20,2,2420110,87.75,20473,4.18,2785,486,2026-09-28 12:32:49
21,1,2561580,84.21,6896,4.27,12862,3786,2026-09-28 12:32:54
22,11,1426210,95.66,218894,4.45,5701,1763,2026-09-28 12:32:58
23,13,1817070,96.17,102198,4.47,1786,463,2026-09-28 12:33:02
24,17,1623730,94.56,413052,3.59,871,152,2026-09-28 12:33:06
25,7,2109308,79.78,178,4.43,609,180,2026-09-28 12:33:10
26,19,2124490,94.52,43750,4.45,951,265,2026-09-28 12:33:17
27,8,292030,96.79,824234,4.64,22371,7282,2026-09-28 12:33:22
28,16,3564740,,0,3.64,189,22,2026-09-28 12:33:26
