PriceID,GameID,Steam_AppID,Initial_Price,Final_Price,Discount_Pct,Is_Free,Updated_At
509,699,251570,43.99,24.19,45,0,2026-10-01 20:28:56
510,405,752590,39.99,3.99,90,0,2026-10-01 20:28:56
511,481,278360,14.99,2.99,80,0,2026-10-01 20:28:57
512,503,1222700,29.99,8.99,70,0,2026-10-01 20:28:57
513,585,384190,19.99,4.99,75,0,2026-10-01 20:28:59
514,497,226840,29.99,7.49,75,0,2026-10-01 20:28:59
515,259,108710,12.99,1.94,85,0,2026-10-01 20:29:01
516,346,214490,39.99,11.99,70,0,2026-10-01 20:29:01
517,383,239200,19.5,3.9,80,0,2026-10-01 20:29:02
518,263,57300,19.5,3.9,80,0,2026-10-01 20:29:02
519,358,945360,4.49,2.69,40,0,2026-10-01 20:29:04
520,235,1172470,0.0,0.0,0,1,2026-10-01 20:29:04
521,316,346110,14.79,9.76,34,0,2026-10-01 20:29:06
522,307,407530,,,0,0,2026-10-01 20:29:06
523,698,65790,9.99,4.99,50,0,2026-10-01 20:29:07
524,540,3159330,69.99,27.99,60,0,2026-10-01 20:29:07
525,341,937890,39.99,7.99,80,0,2026-10-01 20:29:09
526,355,660080,39.99,5.99,85,0,2026-10-01 20:29:09
527,493,368500,39.99,7.99,80,0,2026-10-01 20:29:10
528,666,2210740,39.99,9.99,75,0,2026-10-01 20:29:11
529,697,256510,3.99,1.39,65,0,2026-10-01 20:29:12
530,312,107100,14.79,2.95,80,0,2026-10-01 20:29:12
531,487,35140,19.99,2.99,85,0,2026-10-01 20:29:14
532,321,35140,19.99,2.99,85,0,2026-10-01 20:29:14
533,430,200260,19.99,3.99,80,0,2026-10-01 20:29:15
534,699,251570,43.99,24.19,45,0,2026-10-01 20:29:15
535,405,752590,39.99,3.99,90,0,2026-10-01 20:29:17
536,481,278360,14.99,2.99,80,0,2026-10-01 20:29:17
537,503,1222700,29.99,8.99,70,0,2026-10-01 20:29:19
538,585,384190,19.99,4.99,75,0,2026-10-01 20:29:19
539,497,226840,29.99,7.49,75,0,2026-10-01 20:29:20
540,259,108710,12.99,1.94,85,0,2026-10-01 20:29:20
541,346,214490,39.99,11.99,70,0,2026-10-01 20:29:22
542,383,239200,19.5,3.9,80,0,2026-10-01 20:29:22
543,263,57300,19.5,3.9,80,0,2026-10-01 20:29:24
544,358,945360,4.49,2.69,40,0,2026-10-01 20:29:24
545,235,1172470,0.0,0.0,0,1,2026-10-01 20:29:25
546,316,346110,14.79,9.76,34,0,2026-10-01 20:29:25
547,307,407530,,,0,0,2026-10-01 20:29:27
548,698,65790,9.99,4.99,50,0,2026-10-01 20:29:27
549,540,3159330,69.99,27.99,60,0,2026-10-01 20:29:29
550,341,937890,39.99,7.99,80,0,2026-10-01 20:29:29
551,355,660080,39.99,5.99,85,0,2026-10-01 20:29:30
552,493,368500,39.99,7.99,80,0,2026-10-01 20:29:31
553,666,2210740,39.99,9.99,75,0,2026-10-01 20:29:32
554,697,256510,3.99,1.39,65,0,2026-10-01 20:29:32
555,312,107100,14.79,2.95,80,0,2026-10-01 20:29:34
556,487,35140,19.99,2.99,85,0,2026-10-01 20:29:34
557,321,35140,19.99,2.99,85,0,2026-10-01 20:29:35
558,430,200260,19.99,3.99,80,0,2026-10-01 20:29:35
559,314,200260,19.99,3.99,80,0,2026-10-01 20:29:37
560,231,208650,19.99,3.99,80,0,2026-10-01 20:29:37
561,352,209000,19.99,3.99,80,0,2026-10-01 20:29:39
562,573,238460,14.99,4.49,70,0,2026-10-01 20:29:39
563,363,1238840,39.99,3.99,90,0,2026-10-01 20:29:40
564,603,1238820,39.99,3.99,90,0,2026-10-01 20:29:40
565,441,1238860,39.99,3.99,90,0,2026-10-01 20:29:42
566,608,1238810,49.99,4.99,90,0,2026-10-01 20:29:42
567,477,460790,19.99,5.99,70,0,2026-10-01 20:29:44
568,533,2825530,13.79,4.13,70,0,2026-10-01 20:29:44
569,436,960990,19.99,0.99,95,0,2026-10-01 20:29:45
570,650,203750,14.99,2.99,80,0,2026-10-01 20:29:45
571,214,8870,29.99,7.49,75,0,2026-10-01 20:29:47
572,242,8850,19.99,2.99,85,0,2026-10-01 20:29:47
573,298,409720,19.99,2.99,85,0,2026-10-01 20:29:49
574,211,8870,29.99,7.49,75,0,2026-10-01 20:29:49
575,251,409710,19.99,4.99,75,0,2026-10-01 20:29:51
576,489,362890,19.5,11.7,40,0,2026-10-01 20:29:51
577,269,1285190,69.99,34.99,50,0,2026-10-01 20:29:52
578,212,49520,44.99,6.74,85,0,2026-10-01 20:29:52
579,471,397540,59.99,5.99,90,0,2026-10-01 20:29:54
580,485,729040,29.99,5.99,80,0,2026-10-01 20:29:54
581,295,261640,39.99,3.99,90,0,2026-10-01 20:29:56
582,549,499180,19.5,1.95,90,0,2026-10-01 20:29:56
583,339,291550,0.0,0.0,0,1,2026-10-01 20:29:57
584,463,274190,14.79,2.95,80,0,2026-10-01 20:29:57
585,589,232790,12.49,2.49,80,0,2026-10-01 20:29:59
586,328,225080,14.99,14.99,0,0,2026-10-01 20:29:59
587,335,225260,14.99,2.99,80,0,2026-10-01 20:30:00
588,668,12200,9.99,3.49,65,0,2026-10-01 20:30:00
589,663,4435490,69.99,69.99,0,0,2026-10-01 20:30:02
590,420,311210,59.99,59.99,0,0,2026-10-01 20:30:02
591,480,202970,39.99,39.99,0,0,2026-10-01 20:30:04
592,397,311210,59.99,59.99,0,0,2026-10-01 20:30:04
593,373,3595230,69.99,69.99,0,0,2026-10-01 20:30:06
594,462,3595270,69.99,17.49,75,0,2026-10-01 20:30:06
595,654,393080,39.99,39.99,0,0,2026-10-01 20:30:07
596,653,10090,19.99,19.99,0,0,2026-10-01 20:30:07
597,449,476600,59.99,59.99,0,0,2026-10-01 20:30:09
598,392,204450,12.49,1.24,90,0,2026-10-01 20:30:09
599,418,204360,11.99,3.59,70,0,2026-10-01 20:30:11
600,476,504230,18.99,4.74,75,0,2026-10-01 20:30:11
601,587,256290,14.99,4.49,70,0,2026-10-01 20:30:12
602,425,219640,22.99,4.59,80,0,2026-10-01 20:30:12
603,318,255710,27.99,8.39,70,0,2026-10-01 20:30:14
604,515,1677280,54.99,21.99,60,0,2026-10-01 20:30:14
605,276,231430,18.49,4.62,75,0,2026-10-01 20:30:16
606,281,3669870,59.99,59.99,0,0,2026-10-01 20:30:16
607,294,730,0.0,0.0,0,1,2026-10-01 20:30:18
608,372,80,8.19,1.63,80,0,2026-10-01 20:30:18
609,288,240,9.75,1.95,80,0,2026-10-01 20:30:19
610,624,731490,39.99,15.99,60,0,2026-10-01 20:30:19
611,360,203770,0.0,0.0,0,1,2026-10-01 20:30:21
612,638,2096610,29.99,13.49,55,0,2026-10-01 20:30:21
613,622,108800,29.99,7.49,75,0,2026-10-01 20:30:23
614,349,268910,19.99,13.99,30,0,2026-10-01 20:30:23
615,221,1091500,59.99,17.99,70,0,2026-10-01 20:30:24
616,472,335300,39.99,19.99,50,0,2026-10-01 20:30:24
617,246,374320,59.99,29.99,50,0,2026-10-01 20:30:26
618,525,570940,39.99,19.99,50,0,2026-10-01 20:30:26
619,412,262060,22.99,3.44,85,0,2026-10-01 20:30:28
620,354,710920,29.99,4.49,85,0,2026-10-01 20:30:28
621,567,388410,29.99,4.49,85,0,2026-10-01 20:30:29
622,528,388410,29.99,4.49,85,0,2026-10-01 20:30:29
623,401,462780,19.99,2.99,85,0,2026-10-01 20:30:31
624,661,30,4.99,0.99,80,0,2026-10-01 20:30:31
625,635,300,9.75,1.95,80,0,2026-10-01 20:30:33
626,438,1259420,39.99,15.99,60,0,2026-10-01 20:30:33
627,495,381210,19.99,7.99,60,0,2026-10-01 20:30:34
628,394,588650,24.99,12.49,50,0,2026-10-01 20:30:34
629,407,934700,49.99,4.99,90,0,2026-10-01 20:30:36
630,287,17470,19.99,7.99,60,0,2026-10-01 20:30:36
631,429,47780,19.99,3.99,80,0,2026-10-01 20:30:38
632,536,520720,9.99,1.99,80,0,2026-10-01 20:30:38
633,290,3280350,79.99,63.99,20,0,2026-10-01 20:30:39
634,664,1252330,59.99,11.99,80,0,2026-10-01 20:30:39
635,680,40,4.99,0.99,80,0,2026-10-01 20:30:41
636,578,548430,29.99,8.99,70,0,2026-10-01 20:30:41
637,617,421050,19.99,1.99,90,0,2026-10-01 20:30:42
638,675,292910,29.99,2.99,90,0,2026-10-01 20:30:42
639,595,1085660,0.0,0.0,0,1,2026-10-01 20:30:44
640,216,1085660,0.0,0.0,0,1,2026-10-01 20:30:44
641,260,1222140,39.99,3.99,90,0,2026-10-01 20:30:46
642,508,6910,6.99,0.9,87,0,2026-10-01 20:30:46
643,473,238010,19.99,1.99,90,0,2026-10-01 20:30:47
644,255,337000,29.99,2.99,90,0,2026-10-01 20:30:47
645,433,601150,29.99,7.49,75,0,2026-10-01 20:30:49
646,419,690790,19.99,13.99,30,0,2026-10-01 20:30:49
647,348,632470,37.99,9.49,75,0,2026-10-01 20:30:51
648,272,403640,29.99,5.99,80,0,2026-10-01 20:30:51
649,271,403640,29.99,5.99,80,0,2026-10-01 20:30:53
650,612,435150,44.99,11.24,75,0,2026-10-01 20:30:53
651,399,435150,44.99,11.24,75,0,2026-10-01 20:30:54
652,524,373420,39.99,3.99,90,0,2026-10-01 20:30:54
653,426,220440,29.99,7.49,75,0,2026-10-01 20:30:56
654,510,698780,0.0,0.0,0,1,2026-10-01 20:30:56
655,422,322330,14.99,5.09,66,0,2026-10-01 20:30:57
656,273,322330,14.99,5.09,66,0,2026-10-01 20:30:58
657,356,782330,29.99,9.89,67,0,2026-10-01 20:30:59
658,225,570,0.0,0.0,0,1,2026-10-01 20:30:59
659,458,1222690,39.99,9.99,75,0,2026-10-01 20:31:01
660,421,47810,29.99,7.49,75,0,2026-10-01 20:31:01
661,574,442070,9.99,5.49,45,0,2026-10-01 20:31:02
662,628,236090,13.99,2.79,80,0,2026-10-01 20:31:03
663,596,239140,,,0,0,2026-10-01 20:31:03
664,347,1245620,59.99,59.99,0,0,2026-10-01 20:31:05
665,555,311690,14.79,2.95,80,0,2026-10-01 20:31:05
666,461,227300,19.99,4.99,75,0,2026-10-01 20:31:07
667,547,21090,,,0,0,2026-10-01 20:31:07
668,593,16450,14.99,2.99,80,0,2026-10-01 20:31:08
669,590,21100,19.99,3.99,80,0,2026-10-01 20:31:08
670,326,1151340,39.99,9.99,75,0,2026-10-01 20:31:09
671,530,38410,9.99,2.49,75,0,2026-10-01 20:31:10
672,432,22300,9.99,2.49,75,0,2026-10-01 20:31:11
673,541,22370,19.99,6.59,67,0,2026-10-01 20:31:11
674,217,377160,19.99,7.99,60,0,2026-10-01 20:31:12
675,409,588430,0.0,0.0,0,1,2026-10-01 20:31:13
676,267,22380,9.99,4.99,50,0,2026-10-01 20:31:14
677,582,19900,9.99,2.99,70,0,2026-10-01 20:31:14
678,254,220240,19.99,4.99,75,0,2026-10-01 20:31:15
679,560,233270,14.99,3.74,75,0,2026-10-01 20:31:16
680,365,298110,29.99,5.99,80,0,2026-10-01 20:31:17
681,324,552520,59.99,8.99,85,0,2026-10-01 20:31:17
682,413,224760,9.99,4.99,50,0,2026-10-01 20:31:18
683,576,2909400,49.99,14.99,70,0,2026-10-01 20:31:19
684,514,637650,34.99,10.49,70,0,2026-10-01 20:31:20
685,340,383870,19.5,3.9,80,0,2026-10-01 20:31:20
686,285,304390,29.99,2.99,90,0,2026-10-01 20:31:22
687,467,1890183,,,0,0,2026-10-01 20:31:22
688,639,1551360,59.99,23.99,60,0,2026-10-01 20:31:23
689,482,1601580,44.99,20.24,55,0,2026-10-01 20:31:23
690,465,212680,9.99,2.99,70,0,2026-10-01 20:31:25
691,671,1097840,29.99,29.99,0,0,2026-10-01 20:31:25
692,486,2215430,59.99,35.99,40,0,2026-10-01 20:31:27
693,685,2144740,39.99,7.99,80,0,2026-10-01 20:31:27
694,447,850190,29.99,11.99,60,0,2026-10-01 20:31:28
695,690,232430,14.79,4.43,70,0,2026-10-01 20:31:28
696,393,1546970,59.99,19.79,67,0,2026-10-01 20:31:30
697,224,12210,19.99,5.99,70,0,2026-10-01 20:31:30
698,201,3240220,29.99,14.99,50,0,2026-10-01 20:31:32
699,232,1547000,59.99,19.79,67,0,2026-10-01 20:31:32
700,274,1546990,59.99,19.79,67,0,2026-10-01 20:31:33
701,368,221540,9.75,3.9,60,0,2026-10-01 20:31:33
702,457,316790,14.99,2.99,80,0,2026-10-01 20:31:35
703,604,683320,14.79,2.95,80,0,2026-10-01 20:31:35
704,439,275390,15.49,3.87,75,0,2026-10-01 20:31:37
705,534,209080,4.99,4.99,0,0,2026-10-01 20:31:37
706,597,1284410,0.0,0.0,0,1,2026-10-01 20:31:38
707,532,521840,6.89,2.75,60,0,2026-10-01 20:31:38
708,297,1145350,28.99,20.29,30,0,2026-10-01 20:31:40
709,243,220,9.75,1.95,80,0,2026-10-01 20:31:40
710,210,220,9.75,1.95,80,0,2026-10-01 20:31:42
711,247,320,,,0,0,2026-10-01 20:31:42
712,244,323150,0.0,0.0,0,1,2026-10-01 20:31:43
713,245,323160,0.0,0.0,0,1,2026-10-01 20:31:43
714,265,360,,,0,0,2026-10-01 20:31:45
715,415,130,4.99,0.99,80,0,2026-10-01 20:31:45
716,416,50,4.99,0.99,80,0,2026-10-01 20:31:46
717,500,360,,,0,0,2026-10-01 20:31:46
718,359,1240440,0.0,0.0,0,1,2026-10-01 20:31:48
719,423,976730,39.99,39.99,0,0,2026-10-01 20:31:48
720,330,960910,19.99,0.99,95,0,2026-10-01 20:31:50
721,275,414340,29.99,7.49,75,0,2026-10-01 20:31:50
722,618,3809850,,,0,0,2026-10-01 20:31:51
723,252,1659040,29.99,2.99,90,0,2026-10-01 20:31:51
724,351,6850,8.99,0.89,90,0,2026-10-01 20:31:53
725,651,6850,8.99,0.89,90,0,2026-10-01 20:31:53
726,279,203140,19.99,1.99,90,0,2026-10-01 20:31:55
727,511,6860,9.75,0.97,90,0,2026-10-01 20:31:55
728,236,367520,14.79,14.79,0,0,2026-10-01 20:31:56
729,453,223100,19.99,1.99,90,0,2026-10-01 20:31:56
730,228,2561580,49.99,29.99,40,0,2026-10-01 20:31:58
731,250,219150,9.75,1.95,80,0,2026-10-01 20:31:58
732,451,274170,14.79,2.21,85,0,2026-10-01 20:31:59
733,506,477160,19.99,5.99,70,0,2026-10-01 20:32:00
734,657,627270,49.99,4.99,90,0,2026-10-01 20:32:01
735,277,242700,19.99,2.99,85,0,2026-10-01 20:32:01
736,333,3609750,7.79,6.38,18,0,2026-10-01 20:32:03
737,374,581320,29.99,5.99,80,0,2026-10-01 20:32:03
738,527,1426210,39.99,11.99,70,0,2026-10-01 20:32:04
739,544,323580,15.49,1.54,90,0,2026-10-01 20:32:05
740,319,4195600,0.0,0.0,0,1,2026-10-01 20:32:06
741,305,8190,14.99,1.49,90,0,2026-10-01 20:32:06
742,291,225540,19.99,2.99,85,0,2026-10-01 20:32:07
743,695,460950,14.79,8.87,40,0,2026-10-01 20:32:08
744,700,220200,36.99,9.24,75,0,2026-10-01 20:32:09
745,621,261110,19.99,1.99,90,0,2026-10-01 20:32:09
746,398,1430190,39.99,19.99,50,0,2026-10-01 20:32:11
747,551,232090,26.99,2.69,90,0,2026-10-01 20:32:11
748,377,1771300,59.99,23.99,60,0,2026-10-01 20:32:12
749,468,368230,0.0,0.0,0,1,2026-10-01 20:32:12
750,282,110800,19.99,5.99,70,0,2026-10-01 20:32:14
751,601,35130,9.99,1.49,85,0,2026-10-01 20:32:14
752,403,289690,19.99,2.99,85,0,2026-10-01 20:32:15
753,366,1946700,29.99,10.49,65,0,2026-10-01 20:32:16
754,296,500,9.75,1.95,80,0,2026-10-01 20:32:17
755,207,550,9.75,1.95,80,0,2026-10-01 20:32:17
756,545,285160,19.99,3.99,80,0,2026-10-01 20:32:19
757,499,214510,19.99,3.99,80,0,2026-10-01 20:32:19
758,213,532210,0.0,0.0,0,1,2026-10-01 20:32:20
759,633,532210,0.0,0.0,0,1,2026-10-01 20:32:20
760,681,554620,16.99,16.99,0,0,2026-10-01 20:32:22
761,218,48000,11.49,1.14,90,0,2026-10-01 20:32:22
762,240,424840,19.99,4.99,75,0,2026-10-01 20:32:24
763,565,265300,29.99,2.99,90,0,2026-10-01 20:32:24
764,634,40700,19.99,5.99,70,0,2026-10-01 20:32:25
765,309,234140,19.99,2.99,85,0,2026-10-01 20:32:25
766,327,1030830,29.99,5.99,80,0,2026-10-01 20:32:27
767,569,1030830,29.99,5.99,80,0,2026-10-01 20:32:27
768,440,360430,29.99,5.99,80,0,2026-10-01 20:32:29
769,562,1030840,39.99,7.99,80,0,2026-10-01 20:32:29
770,402,238370,14.99,3.74,75,0,2026-10-01 20:32:30
771,662,238370,14.99,3.74,75,0,2026-10-01 20:32:30
772,571,214560,,,0,0,2026-10-01 20:32:32
773,642,720690,,,55,0,2026-10-01 20:32:32
774,258,2651280,59.99,40.19,33,0,2026-10-01 20:32:34
775,689,1817190,49.99,19.99,60,0,2026-10-01 20:32:34
776,303,17460,29.99,7.49,75,0,2026-10-01 20:32:35
777,289,2362420,29.99,7.49,75,0,2026-10-01 20:32:35
778,646,1238020,29.99,7.49,75,0,2026-10-01 20:32:37
779,507,204100,19.99,5.99,70,0,2026-10-01 20:32:37
780,616,12150,9.99,2.49,75,0,2026-10-01 20:32:38
781,338,204100,19.99,5.99,70,0,2026-10-01 20:32:38
782,636,47790,19.99,4.99,75,0,2026-10-01 20:32:40
783,490,235460,19.99,19.99,0,0,2026-10-01 20:32:40
784,299,311340,29.99,17.99,40,0,2026-10-01 20:32:42
785,233,287700,29.99,17.99,40,0,2026-10-01 20:32:42
786,229,286690,19.99,1.99,90,0,2026-10-01 20:32:43
787,293,286690,19.99,1.99,90,0,2026-10-01 20:32:43
788,334,412020,29.99,2.99,90,0,2026-10-01 20:32:45
789,693,287390,19.99,1.99,90,0,2026-10-01 20:32:45
790,292,287390,19.99,1.99,90,0,2026-10-01 20:32:46
791,238,241930,19.99,3.99,80,0,2026-10-01 20:32:46
792,311,356190,39.99,3.99,90,0,2026-10-01 20:32:48
793,301,1912410,29.99,29.99,0,0,2026-10-01 20:32:48
794,542,489520,0.0,0.0,0,1,2026-10-01 20:32:50
795,308,582010,29.99,7.79,74,0,2026-10-01 20:32:50
796,302,307780,19.99,3.99,80,0,2026-10-01 20:32:51
797,520,976310,49.99,4.99,90,0,2026-10-01 20:32:51
798,543,233290,19.99,1.99,90,0,2026-10-01 20:32:53
799,559,109600,0.0,0.0,0,1,2026-10-01 20:32:53
800,300,524220,39.99,15.99,60,0,2026-10-01 20:32:54
801,343,275850,58.99,23.59,60,0,2026-10-01 20:32:54
802,517,400780,4.99,4.99,0,0,2026-10-01 20:32:56
803,694,201790,12.49,3.12,75,0,2026-10-01 20:32:56
804,382,261570,,,0,0,2026-10-01 20:32:58
805,370,387290,19.99,4.99,75,0,2026-10-01 20:32:58
806,450,1057090,29.99,2.99,90,0,2026-10-01 20:32:59
807,577,491950,9.99,2.49,75,0,2026-10-01 20:32:59
808,606,753640,22.99,11.49,50,0,2026-10-01 20:33:01
809,253,1304930,38.99,3.89,90,0,2026-10-01 20:33:01
810,667,414700,19.5,4.87,75,0,2026-10-01 20:33:02
811,501,728880,22.99,5.74,75,0,2026-10-01 20:33:02
812,676,728880,22.99,5.74,75,0,2026-10-01 20:33:04
813,620,3850550,,,0,0,2026-10-01 20:33:04
814,315,444090,0.0,0.0,0,1,2026-10-01 20:33:05
815,396,239030,9.75,9.75,0,0,2026-10-01 20:33:06
816,257,2694490,27.75,27.75,0,0,2026-10-01 20:33:07
817,219,218620,9.49,4.74,50,0,2026-10-01 20:33:08
818,492,24240,9.49,3.13,67,0,2026-10-01 20:33:09
819,630,1687950,59.99,17.99,70,0,2026-10-01 20:33:09
820,643,291650,29.99,11.99,60,0,2026-10-01 20:33:10
821,594,218230,0.0,0.0,0,1,2026-10-01 20:33:11
822,205,620,9.75,1.95,80,0,2026-10-01 20:33:12
823,203,620,9.75,1.95,80,0,2026-10-01 20:33:12
824,466,223470,,,0,0,2026-10-01 20:33:13
825,268,480490,29.99,5.99,80,0,2026-10-01 20:33:14
826,537,233450,24.99,6.24,75,0,2026-10-01 20:33:14
827,337,607080,59.99,11.99,80,0,2026-10-01 20:33:15
828,404,611500,9.99,9.99,0,0,2026-10-01 20:33:16
829,428,474960,36.99,9.24,75,0,2026-10-01 20:33:16
830,655,985890,24.99,6.24,75,0,2026-10-01 20:33:17
831,494,1895880,59.99,23.99,60,0,2026-10-01 20:33:18
832,435,242550,19.99,19.99,0,0,2026-10-01 20:33:19
833,379,1174180,59.99,14.99,75,0,2026-10-01 20:33:19
834,208,1174180,59.99,14.99,75,0,2026-10-01 20:33:20
835,682,55110,19.99,1.99,90,0,2026-10-01 20:33:21
836,645,667720,19.99,3.99,80,0,2026-10-01 20:33:22
837,558,35450,24.99,2.49,90,0,2026-10-01 20:33:23
838,580,228300,29.99,5.99,80,0,2026-10-01 20:33:23
839,550,2050650,39.99,9.99,75,0,2026-10-01 20:33:24
840,538,883710,39.99,7.99,80,0,2026-10-01 20:33:25
841,456,4249110,9.99,4.99,50,0,2026-10-01 20:33:26
842,561,952060,39.99,7.99,80,0,2026-10-01 20:33:26
843,410,254700,19.99,4.99,75,0,2026-10-01 20:33:27
844,367,21690,19.99,4.99,75,0,2026-10-01 20:33:28
845,452,221040,19.99,4.99,75,0,2026-10-01 20:33:29
846,310,418370,19.99,7.99,60,0,2026-10-01 20:33:30
847,672,222480,19.99,4.99,75,0,2026-10-01 20:33:30
848,557,287290,19.99,4.99,75,0,2026-10-01 20:33:31
849,583,1196590,39.99,9.99,75,0,2026-10-01 20:33:32
850,674,3084370,13.49,10.79,20,0,2026-10-01 20:33:33
851,230,391220,29.99,4.49,85,0,2026-10-01 20:33:33
852,619,1253920,24.5,9.8,60,0,2026-10-01 20:33:34
853,504,252490,39.99,19.99,50,0,2026-10-01 20:33:35
854,526,302510,9.99,3.49,65,0,2026-10-01 20:33:36
855,647,2427420,19.99,13.39,33,0,2026-10-01 20:33:37
856,375,9480,9.99,1.49,85,0,2026-10-01 20:33:37
857,344,206420,19.99,2.99,85,0,2026-10-01 20:33:38
858,266,55230,9.99,2.49,75,0,2026-10-01 20:33:39
859,553,210770,14.99,2.99,80,0,2026-10-01 20:33:40
860,684,268870,24.99,24.99,0,0,2026-10-01 20:33:40
861,535,1172620,39.99,13.99,65,0,2026-10-01 20:33:41
862,331,814380,59.99,29.99,50,0,2026-10-01 20:33:42
863,566,41070,28.99,2.89,90,0,2026-10-01 20:33:43
864,554,564310,14.99,1.49,90,0,2026-10-01 20:33:43
865,332,750920,39.99,5.99,85,0,2026-10-01 20:33:44
866,652,418240,39.99,3.99,90,0,2026-10-01 20:33:45
867,670,233130,28.99,2.89,90,0,2026-10-01 20:33:46
868,400,234650,14.99,3.74,75,0,2026-10-01 20:33:46
869,696,300550,14.99,3.74,75,0,2026-10-01 20:33:47
870,539,3910,4.99,0.99,80,0,2026-10-01 20:33:48
871,381,289070,59.99,5.99,90,0,2026-10-01 20:33:49
872,280,8930,29.99,7.49,75,0,2026-10-01 20:33:49
873,658,204880,20.49,6.14,70,0,2026-10-01 20:33:50
874,572,2868840,22.99,22.99,0,0,2026-10-01 20:33:51
875,475,202170,19.99,2.99,85,0,2026-10-01 20:33:52
876,431,307690,,,0,0,2026-10-01 20:33:52
877,483,2437170,0.0,0.0,0,1,2026-10-01 20:33:53
878,631,312660,59.99,5.99,90,0,2026-10-01 20:33:53
879,454,63380,,,0,0,2026-10-01 20:33:55
880,386,282140,28.99,5.79,80,0,2026-10-01 20:33:55
881,598,584400,19.99,4.99,75,0,2026-10-01 20:33:57
882,408,213670,29.99,7.49,75,0,2026-10-01 20:33:57
883,614,418530,16.79,5.87,65,0,2026-10-01 20:33:58
884,610,1237950,39.99,9.99,75,0,2026-10-01 20:33:58
885,505,1237950,39.99,9.99,75,0,2026-10-01 20:34:00
886,688,6020,9.75,9.75,0,0,2026-10-01 20:34:00
887,284,1172380,39.99,7.99,80,0,2026-10-01 20:34:02
888,623,6060,9.75,4.87,50,0,2026-10-01 20:34:02
889,414,32370,9.75,3.9,60,0,2026-10-01 20:34:03
890,548,211820,14.99,5.99,60,0,2026-10-01 20:34:03
891,248,413150,13.99,9.79,30,0,2026-10-01 20:34:05
892,584,281990,49.99,14.99,70,0,2026-10-01 20:34:05
893,518,1332010,28.49,14.24,50,0,2026-10-01 20:34:07
894,673,310950,19.99,9.99,50,0,2026-10-01 20:34:07
895,406,1962700,29.99,29.99,0,0,2026-10-01 20:34:08
896,683,847370,19.99,4.99,75,0,2026-10-01 20:34:08
897,283,40800,13.99,2.23,84,0,2026-10-01 20:34:10
898,442,617830,22.49,8.99,60,0,2026-10-01 20:34:10
899,470,3215050,39.99,19.99,50,0,2026-10-01 20:34:12
900,427,3660220,29.99,11.99,60,0,2026-10-01 20:34:12
901,474,46510,12.99,2.59,80,0,2026-10-01 20:34:13
902,691,866570,28.99,15.94,45,0,2026-10-01 20:34:13
903,625,286160,19.5,9.75,50,0,2026-10-01 20:34:15
904,222,440,0.0,0.0,0,1,2026-10-01 20:34:15
905,488,20,4.99,0.99,80,0,2026-10-01 20:34:16
906,665,1180660,0.0,0.0,0,1,2026-10-01 20:34:16
907,223,105600,9.75,4.87,50,0,2026-10-01 20:34:18
908,656,845070,0.0,0.0,0,1,2026-10-01 20:34:18
909,424,250900,14.99,11.24,25,0,2026-10-01 20:34:20
910,516,250900,14.99,11.24,25,0,2026-10-01 20:34:20
911,434,65930,19.99,3.99,80,0,2026-10-01 20:34:22
912,350,67370,29.99,2.99,90,0,2026-10-01 20:34:22
913,599,22320,14.99,5.99,60,0,2026-10-01 20:34:23
914,649,22330,14.99,3.74,75,0,2026-10-01 20:34:23
915,209,489830,39.99,3.99,90,0,2026-10-01 20:34:25
916,270,489830,39.99,3.99,90,0,2026-10-01 20:34:25
917,529,268050,19.99,4.99,75,0,2026-10-01 20:34:26
918,678,601430,29.99,5.99,80,0,2026-10-01 20:34:27
919,607,318600,14.99,2.24,85,0,2026-10-01 20:34:28
920,464,242760,16.79,3.52,79,0,2026-10-01 20:34:28
921,390,1888930,59.99,29.99,50,0,2026-10-01 20:34:30
922,380,2531310,49.99,33.49,33,0,2026-10-01 20:34:30
923,304,2531310,49.99,33.49,33,0,2026-10-01 20:34:31
924,644,640590,29.99,4.49,85,0,2026-10-01 20:34:32
925,512,305620,16.99,16.99,0,0,2026-10-01 20:34:33
926,459,1449110,69.99,34.99,50,0,2026-10-01 20:34:33
927,592,3765180,4.99,4.99,0,0,2026-10-01 20:34:35
928,444,1222670,0.0,0.0,0,1,2026-10-01 20:34:35
929,371,221910,14.79,7.39,50,0,2026-10-01 20:34:36
930,648,231160,13.99,2.09,85,0,2026-10-01 20:34:36
931,602,835960,28.99,2.89,90,0,2026-10-01 20:34:38
932,469,261030,14.79,3.69,75,0,2026-10-01 20:34:38
933,234,20920,19.99,2.99,85,0,2026-10-01 20:34:40
934,202,292030,49.99,24.99,50,0,2026-10-01 20:34:40
935,460,210970,36.99,3.69,90,0,2026-10-01 20:34:41
936,361,250320,14.99,14.99,0,0,2026-10-01 20:34:41
937,389,704850,19.5,1.75,91,0,2026-10-01 20:34:43
938,391,282070,18.99,1.89,90,0,2026-10-01 20:34:43
939,357,475150,19.99,4.99,75,0,2026-10-01 20:34:45
940,522,297130,14.79,1.47,90,0,2026-10-01 20:34:45
941,313,1237970,29.99,4.49,85,0,2026-10-01 20:34:46
942,479,206440,9.75,1.95,80,0,2026-10-01 20:34:46
943,345,359550,0.0,0.0,0,1,2026-10-01 20:34:48
944,484,4974000,49.99,49.99,0,0,2026-10-01 20:34:48
945,206,391220,29.99,4.49,85,0,2026-10-01 20:34:50
946,613,8140,8.99,0.98,89,0,2026-10-01 20:36:07
947,687,1974050,0.0,0.0,0,1,2026-10-01 20:36:07
948,445,200710,18.99,3.79,80,0,2026-10-01 20:36:07
949,384,3846830,,,0,0,2026-10-01 20:36:07
950,362,237930,19.5,3.9,80,0,2026-10-01 20:36:07
951,385,35720,19.99,3.99,80,0,2026-10-01 20:36:07
952,552,35700,14.99,2.99,80,0,2026-10-01 20:36:07
953,519,57690,14.99,4.49,70,0,2026-10-01 20:36:07
954,679,304050,0.0,0.0,0,1,2026-10-01 20:36:07
955,611,1659420,49.99,16.49,67,0,2026-10-01 20:36:07
956,320,391540,9.99,2.49,75,0,2026-10-01 20:36:07
957,509,2172010,69.99,34.99,50,0,2026-10-01 20:36:07
958,322,304930,0.0,0.0,0,1,2026-10-01 20:36:08
959,609,892970,29.99,26.99,10,0,2026-10-01 20:36:09
960,637,260230,14.99,3.74,75,0,2026-10-01 20:36:10
961,579,1794680,4.99,3.74,25,0,2026-10-01 20:36:10
962,605,427290,39.99,3.99,90,0,2026-10-01 20:36:12
963,387,255520,,,0,0,2026-10-01 20:36:12
964,591,438100,0.0,0.0,0,1,2026-10-01 20:36:13
965,446,431960,4.99,3.99,20,0,2026-10-01 20:36:13
966,353,236390,0.0,0.0,0,1,2026-10-01 20:36:15
967,226,230410,0.0,0.0,0,1,2026-10-01 20:36:15
968,491,2183900,59.99,14.99,75,0,2026-10-01 20:36:16
969,323,552500,27.99,2.79,90,0,2026-10-01 20:36:17
970,329,447040,59.99,2.99,95,0,2026-10-01 20:36:18
971,388,447040,59.99,2.99,95,0,2026-10-01 20:36:18
972,443,501300,18.49,4.62,75,0,2026-10-01 20:36:20
973,395,612880,29.99,4.49,85,0,2026-10-01 20:36:20
974,261,201810,19.99,4.99,75,0,2026-10-01 20:36:21
975,523,350080,19.99,4.99,75,0,2026-10-01 20:36:21
976,659,22000,12.49,6.24,50,0,2026-10-01 20:36:23
977,369,268500,19.99,2.99,85,0,2026-10-01 20:36:23
978,325,200510,14.99,5.99,60,0,2026-10-01 20:36:25
979,437,2988580,49.99,24.99,50,0,2026-10-01 20:36:25
980,640,3717330,,,0,0,2026-10-01 20:36:26
